[
   {
    "chapterName": "知识准备",
    "chapterDirPath": "datastruct/知识准备"
  },
  {
    "chapterName": "线性结构",
    "chapterDirPath": "datastruct/线性结构"
  },
  {
    "chapterName": "树",
    "chapterDirPath": "datastruct/树"
  },
  {
    "chapterName": "图",
    "chapterDirPath": "datastruct/图"
  },
  {
    "chapterName": "排序",
    "chapterDirPath": "datastruct/排序"
  },
 {
    "chapterName": "查找",
    "chapterDirPath": "datastruct/查找"
  }
 ]