[
  {
    "subsectionFileName": "1_1.json",
    "subsectionName": "图的简介"
  },
  {
    "subsectionFileName": "1_2.json",
    "subsectionName": "深度优先遍历"
  },
  {
    "subsectionFileName": "1_3.json",
    "subsectionName": "广度优先遍历"
  },
  {
    "subsectionFileName": "1_4.json",
    "subsectionName": "最小生成树"
  },
  {
    "subsectionFileName": "1_5.json",
    "subsectionName": "最短路径"
  }
  {
    "subsectionFileName": "1_6.json",
    "subsectionName": "初级习题"
  }，
  {
    "subsectionFileName": "1_7.json",
    "subsectionName": "中级习题"
  }，
  {
    "subsectionFileName": "1_8.json",
    "subsectionName": "高级习题"
  }，
  {
    "subsectionFileName": "1_9.json",
    "subsectionName": "巅峰级习题"
  }
]