[
  {
    "subsectionFileName": "1_1.json",
    "subsectionName": "顺序表"
  },
  {
    "subsectionFileName": "1_2.json",
    "subsectionName": "链表"
  },
  {
    "subsectionFileName": "1_3.json",
    "subsectionName": "栈"
  },
  {
    "subsectionFileName": "1_4.json",
    "subsectionName": "队列"
  },
  {
    "subsectionFileName": "1_5.json",
    "subsectionName": "初级习题"
  },
  {
    "subsectionFileName": "1_6.json",
    "subsectionName": "中级习题"
  },
  {
    "subsectionFileName": "1_7.json",
    "subsectionName": "高级习题"
  },
  {
    "subsectionFileName": "1_8.json",
    "subsectionName": "巅峰级习题"
  }
]