[
  {
    "subsectionFileName": "1_1.json",
    "subsectionName": "插入排序"
  },
  {
    "subsectionFileName": "1_2.json",
    "subsectionName": "希尔排序"
  },
  {
    "subsectionFileName": "1_3.json",
    "subsectionName": "冒泡排序"
  },
  {
    "subsectionFileName": "1_4.json",
    "subsectionName": "选择排序"
  },
  {
    "subsectionFileName": "1_5.json",
    "subsectionName": "快速排序"
  },
  {
    "subsectionFileName": "1_6.json",
    "subsectionName": "堆排序"
  },
  {
    "subsectionFileName": "1_7.json",
    "subsectionName": "初级习题"
  },
  {
    "subsectionFileName": "1_8.json",
    "subsectionName": "中级习题"
  },
  {
    "subsectionFileName": "1_9.json",
    "subsectionName": "高级习题"
  },
  {
    "subsectionFileName": "1_10.json",
    "subsectionName": "巅峰级习题"
  }
]