[
  {
    "basicData": {
      "question_desc_list": [
        {
          "basicData": {
            "text": "假设非空二叉树采用顺序存储结构，每个节点值为单个字符。设计一个算法求编号为i的节点的层次。"
          },
          "contentType": 0
        },
        {
          "basicData": {
            "text": "思考题，自己编写上机调试"
          },
          "contentType": 0
        }
      ]
    },
    "contentType": 5
  },
  {
    "basicData": {
      "question_desc_list": [
        {
          "basicData": {
            "text": "假设非空二叉树采用顺序存储结构，每个节点值为单个字符。设计一个算法输出编号为i的节点的所有祖先节点值。"
          },
          "contentType": 0
        },
        {
          "basicData": {
            "text": "思考题，自己编写上机调试"
          },
          "contentType": 0
        }
      ]
    },
    "contentType": 5
  },
  {
    "basicData": {
      "question_desc_list": [
        {
          "basicData": {
            "text": "假设二叉树中每个节点值为单个字符，采用二叉链存储结构存储。设计一个算法void findparent(BTNode *b,char x,BTNode *&p)求二叉树b中指定值为x的节点的双亲节点p，提示：根节点的双亲为NULL，若在b中未找到值为x的节点，p亦为NULL，并假设二叉树中所有节点值是唯一的。"
          },
          "contentType": 0
        },
        {
          "basicData": {
            "text": "思考题，自己编写上机调试"
          },
          "contentType": 0
        }
      ]
    },
    "contentType": 5
  },
  {
  }
]