[
  {
    "basicData": {
      "question_desc_list": [
        {
          "basicData": {
            "text": "假设二叉树中每个节点值为单个字符，采用二叉链存储结构存储。设计一个算法求二叉树b的最小枝长。所谓最小最小枝长是指的是根节点到最近叶子节点的路径长度。"
          },
          "contentType": 0
        },
        {
          "basicData": {
            "text": "思考题，自己编写上机调试"
          },
          "contentType": 0
        }
      ]
    },
    "contentType": 5
  },
  {
    "basicData": {
      "question_desc_list": [
        {
          "basicData": {
            "text": "假设二叉树中每个节点值为单个字符，采用二叉链存储结构存储。设计一个算法，求二叉树b中第k层上节点个数。"
          },
          "contentType": 0
        },
        {
          "basicData": {
            "text": "思考题，自己编写上机调试"
          },
          "contentType": 0
        }
      ]
    },
    "contentType": 5
  },
  {
    "basicData": {
      "question_desc_list": [
        {
          "basicData": {
            "text": "假设二叉树中每个节点值为单个字符，采用二叉链存储结构存储。设计一个算法，判断值为x的节点与值为y的节点是否互为兄弟，假设这样的节点值是唯一的"
          },
          "contentType": 0
        },
        {
          "basicData": {
            "text": "思考题，自己编写上机调试"
          },
          "contentType": 0
        }
      ]
    },
    "contentType": 5
  },
  {
  }
]