[
  {
    "subsectionFileName": "1_1.json",
    "subsectionName": "树的简介"
  },
  {
    "subsectionFileName": "1_2.json",
    "subsectionName": "二叉树"
  },
  {
    "subsectionFileName": "1_3.json",
    "subsectionName": "二叉树搜索树"
  },
  {
    "subsectionFileName": "1_4.json",
    "subsectionName": "堆"
  }
  {
    "subsectionFileName": "1_5.json",
    "subsectionName": "初级习题"
  },
  {
    "subsectionFileName": "1_6.json",
    "subsectionName": "中级习题"
  },
  {
    "subsectionFileName": "1_7.json",
    "subsectionName": "高级习题"
  },
  {
    "subsectionFileName": "1_8.json",
    "subsectionName": "巅峰级习题"
  }
]